Title,Media URL,Pinterest board,Thumbnail,Description,Link,Publish date,Keywords,Alt text
When Facing Criticism,https://chooselikebuddha.com/assets/blogposts/when-facing-criticism.png,What Would Buddha Do,,"Criticism stings — but a mindful pause before reacting can turn it into a moment of growth.

#mindfulness #buddhism #meditation #wisdom #mentalhealth #selfcare #innerpeace #buddhaquotes",https://chooselikebuddha.com/blog/when-facing-criticism/,,"mindfulness,buddhism,meditation,wisdom,mentalhealth,selfcare,innerpeace,buddhaquotes",When Facing Criticism — Choose Like Buddha
When Feeling Overwhelmed,https://chooselikebuddha.com/assets/blogposts/when-feeling-overwhelmed.png,What Would Buddha Do,,"When everything feels like too much, one conscious breath can be the beginning of clarity.

#mindfulness #buddhism #meditation #wisdom #mentalhealth #selfcare #innerpeace #buddhaquotes",https://chooselikebuddha.com/blog/when-feeling-overwhelmed/,,"mindfulness,buddhism,meditation,wisdom,mentalhealth,selfcare,innerpeace,buddhaquotes",When Feeling Overwhelmed — Choose Like Buddha
When a Friend Lies,https://chooselikebuddha.com/assets/blogposts/when-a-friend-lies.png,What Would Buddha Do,,"Discovering a friend's dishonesty hurts — but how we respond reveals more about us than about them.

#mindfulness #buddhism #meditation #wisdom #mentalhealth #selfcare #innerpeace #buddhaquotes",https://chooselikebuddha.com/blog/when-a-friend-lies/,,"mindfulness,buddhism,meditation,wisdom,mentalhealth,selfcare,innerpeace,buddhaquotes",When a Friend Lies — Choose Like Buddha
When Feeling Angry at Work,https://chooselikebuddha.com/assets/blogposts/when-feeling-angry-at-work.png,What Would Buddha Do,,"Workplace anger is common — but reacting from frustration rarely leads where we want to go.

#mindfulness #buddhism #meditation #wisdom #mentalhealth #selfcare #innerpeace #buddhaquotes",https://chooselikebuddha.com/blog/when-feeling-angry-at-work/,,"mindfulness,buddhism,meditation,wisdom,mentalhealth,selfcare,innerpeace,buddhaquotes",When Feeling Angry at Work — Choose Like Buddha
Before a Difficult Conversation,https://chooselikebuddha.com/assets/blogposts/before-a-difficult-conversation.png,What Would Buddha Do,,"The moments before a hard conversation shape everything that follows. Prepare with presence, not just words.

#mindfulness #buddhism #meditation #wisdom #mentalhealth #selfcare #innerpeace #buddhaquotes",https://chooselikebuddha.com/blog/before-a-difficult-conversation/,,"mindfulness,buddhism,meditation,wisdom,mentalhealth,selfcare,innerpeace,buddhaquotes",Before a Difficult Conversation — Choose Like Buddha
When Afraid of Change,https://chooselikebuddha.com/assets/blogposts/when-afraid-of-change.png,What Would Buddha Do,,"Fear of change is the mind clinging to what it knows. But everything — always — is already changing.

#mindfulness #buddhism #meditation #wisdom #mentalhealth #selfcare #innerpeace #buddhaquotes",https://chooselikebuddha.com/blog/when-afraid-of-change/,,"mindfulness,buddhism,meditation,wisdom,mentalhealth,selfcare,innerpeace,buddhaquotes",When Afraid of Change — Choose Like Buddha
When Comparing to Others,https://chooselikebuddha.com/assets/blogposts/when-comparing-to-others.png,What Would Buddha Do,,"Comparison is a habit of the mind — but your path is not anyone else's to walk.

#mindfulness #buddhism #meditation #wisdom #mentalhealth #selfcare #innerpeace #buddhaquotes",https://chooselikebuddha.com/blog/when-comparing-to-others/,,"mindfulness,buddhism,meditation,wisdom,mentalhealth,selfcare,innerpeace,buddhaquotes",When Comparing to Others — Choose Like Buddha
When Feeling Like Giving Up,https://chooselikebuddha.com/assets/blogposts/when-feeling-like-giving-up.png,What Would Buddha Do,,"The urge to quit carries a message. Before you walk away, listen to what it's really saying.

#mindfulness #buddhism #meditation #wisdom #mentalhealth #selfcare #innerpeace #buddhaquotes",https://chooselikebuddha.com/blog/when-feeling-like-giving-up/,,"mindfulness,buddhism,meditation,wisdom,mentalhealth,selfcare,innerpeace,buddhaquotes",When Feeling Like Giving Up — Choose Like Buddha
When Someone Is Rude,https://chooselikebuddha.com/assets/blogposts/when-someone-is-rude.png,What Would Buddha Do,,"Rudeness says more about the person giving it than the person receiving it. Your response is your power.

#mindfulness #buddhism #meditation #wisdom #mentalhealth #selfcare #innerpeace #buddhaquotes",https://chooselikebuddha.com/blog/when-someone-is-rude/,,"mindfulness,buddhism,meditation,wisdom,mentalhealth,selfcare,innerpeace,buddhaquotes",When Someone Is Rude — Choose Like Buddha
When Overthinking Won't Stop,https://chooselikebuddha.com/assets/blogposts/when-overthinking-wont-stop.png,What Would Buddha Do,,"A racing mind isn't a problem to solve — it's a signal to slow down and return to the present.

#mindfulness #buddhism #meditation #wisdom #mentalhealth #selfcare #innerpeace #buddhaquotes",https://chooselikebuddha.com/blog/when-overthinking-wont-stop/,,"mindfulness,buddhism,meditation,wisdom,mentalhealth,selfcare,innerpeace,buddhaquotes",When Overthinking Won't Stop — Choose Like Buddha
When Worrying About the Future,https://chooselikebuddha.com/assets/blogposts/when-worrying-about-the-future.png,What Would Buddha Do,,"The future hasn't arrived yet — but your worry about it is stealing the only moment you actually have.

#mindfulness #buddhism #meditation #wisdom #mentalhealth #selfcare #innerpeace #buddhaquotes",https://chooselikebuddha.com/blog/when-worrying-about-the-future/,,"mindfulness,buddhism,meditation,wisdom,mentalhealth,selfcare,innerpeace,buddhaquotes",When Worrying About the Future — Choose Like Buddha
When Feeling Angry,https://chooselikebuddha.com/assets/blogposts/when-feeling-angry.png,What Would Buddha Do,,"Anger isn't the enemy — reacting blindly to it is. Learn to hold anger without letting it hold you.

#mindfulness #buddhism #meditation #wisdom #mentalhealth #selfcare #innerpeace #buddhaquotes",https://chooselikebuddha.com/blog/when-feeling-angry/,,"mindfulness,buddhism,meditation,wisdom,mentalhealth,selfcare,innerpeace,buddhaquotes",When Feeling Angry — Choose Like Buddha
When Feeling Lonely,https://chooselikebuddha.com/assets/blogposts/when-feeling-lonely.png,What Would Buddha Do,,"Loneliness isn't about being alone — it's about feeling disconnected. The path back begins within.

#mindfulness #buddhism #meditation #wisdom #mentalhealth #selfcare #innerpeace #buddhaquotes",https://chooselikebuddha.com/blog/when-feeling-lonely/,,"mindfulness,buddhism,meditation,wisdom,mentalhealth,selfcare,innerpeace,buddhaquotes",When Feeling Lonely — Choose Like Buddha
When Feeling Jealous,https://chooselikebuddha.com/assets/blogposts/when-feeling-jealous.png,What Would Buddha Do,,"Jealousy reveals what you value — but it distorts the truth about your own path. Look closer.

#mindfulness #buddhism #meditation #wisdom #mentalhealth #selfcare #innerpeace #buddhaquotes",https://chooselikebuddha.com/blog/when-feeling-jealous/,,"mindfulness,buddhism,meditation,wisdom,mentalhealth,selfcare,innerpeace,buddhaquotes",When Feeling Jealous — Choose Like Buddha
When a Relationship Ends,https://chooselikebuddha.com/assets/blogposts/when-a-relationship-ends.png,What Would Buddha Do,,"An ending isn't a failure — it's a turning point that asks you to grieve, grow, and eventually open again.

#mindfulness #buddhism #meditation #wisdom #mentalhealth #selfcare #innerpeace #buddhaquotes",https://chooselikebuddha.com/blog/when-a-relationship-ends/,,"mindfulness,buddhism,meditation,wisdom,mentalhealth,selfcare,innerpeace,buddhaquotes",When a Relationship Ends — Choose Like Buddha
When Trust Is Broken,https://chooselikebuddha.com/assets/blogposts/when-trust-is-broken.png,What Would Buddha Do,,"Broken trust shatters something deep — but how you respond determines whether it breaks you or reshapes you.

#mindfulness #buddhism #meditation #wisdom #mentalhealth #selfcare #innerpeace #buddhaquotes",https://chooselikebuddha.com/blog/when-trust-is-broken/,,"mindfulness,buddhism,meditation,wisdom,mentalhealth,selfcare,innerpeace,buddhaquotes",When Trust Is Broken — Choose Like Buddha
When a Boss Is Unfair,https://chooselikebuddha.com/assets/blogposts/when-a-boss-is-unfair.png,What Would Buddha Do,,"An unfair boss tests your patience — but your inner peace doesn't have to depend on their behavior.

#mindfulness #buddhism #meditation #wisdom #mentalhealth #selfcare #innerpeace #buddhaquotes",https://chooselikebuddha.com/blog/when-a-boss-is-unfair/,,"mindfulness,buddhism,meditation,wisdom,mentalhealth,selfcare,innerpeace,buddhaquotes",When a Boss Is Unfair — Choose Like Buddha
When Feeling Not Good Enough,https://chooselikebuddha.com/assets/blogposts/when-feeling-not-good-enough.png,What Would Buddha Do,,"The voice that says you're not enough is loud — but it's not telling the truth. Listen deeper.

#mindfulness #buddhism #meditation #wisdom #mentalhealth #selfcare #innerpeace #buddhaquotes",https://chooselikebuddha.com/blog/when-feeling-not-good-enough/,,"mindfulness,buddhism,meditation,wisdom,mentalhealth,selfcare,innerpeace,buddhaquotes",When Feeling Not Good Enough — Choose Like Buddha
When Procrastinating,https://chooselikebuddha.com/assets/blogposts/when-procrastinating.png,What Would Buddha Do,,"Procrastination isn't laziness — it's avoidance dressed as delay. Understanding what you're avoiding is the first step.

#mindfulness #buddhism #meditation #wisdom #mentalhealth #selfcare #innerpeace #buddhaquotes",https://chooselikebuddha.com/blog/when-procrastinating/,,"mindfulness,buddhism,meditation,wisdom,mentalhealth,selfcare,innerpeace,buddhaquotes",When Procrastinating — Choose Like Buddha
When Scrolling Endlessly,https://chooselikebuddha.com/assets/blogposts/when-scrolling-endlessly.png,What Would Buddha Do,,"Endless scrolling is the mind searching for something it will never find on a screen. Put the phone down and look up.

#mindfulness #buddhism #meditation #wisdom #mentalhealth #selfcare #innerpeace #buddhaquotes",https://chooselikebuddha.com/blog/when-scrolling-endlessly/,,"mindfulness,buddhism,meditation,wisdom,mentalhealth,selfcare,innerpeace,buddhaquotes",When Scrolling Endlessly — Choose Like Buddha
When Money Is Tight,https://chooselikebuddha.com/assets/blogposts/when-money-is-tight.png,What Would Buddha Do,,"Financial pressure is real — but it doesn't have to consume your peace. Clarity and presence help more than panic.

#mindfulness #buddhism #meditation #wisdom #mentalhealth #selfcare #innerpeace #buddhaquotes",https://chooselikebuddha.com/blog/when-money-is-tight/,,"mindfulness,buddhism,meditation,wisdom,mentalhealth,selfcare,innerpeace,buddhaquotes",When Money Is Tight — Choose Like Buddha
When Everything Changes at Once,https://chooselikebuddha.com/assets/blogposts/when-everything-changes-at-once.png,What Would Buddha Do,,"When life shifts on every front, the only steady ground is the awareness within you. Stand there.

#mindfulness #buddhism #meditation #wisdom #mentalhealth #selfcare #innerpeace #buddhaquotes",https://chooselikebuddha.com/blog/when-everything-changes-at-once/,,"mindfulness,buddhism,meditation,wisdom,mentalhealth,selfcare,innerpeace,buddhaquotes",When Everything Changes at Once — Choose Like Buddha
When Losing a Loved One,https://chooselikebuddha.com/assets/blogposts/when-losing-a-loved-one.png,What Would Buddha Do,,"Loss leaves a silence that nothing can fill — but within that silence, love still lives.

#mindfulness #buddhism #meditation #wisdom #mentalhealth #selfcare #innerpeace #buddhaquotes",https://chooselikebuddha.com/blog/when-losing-a-loved-one/,,"mindfulness,buddhism,meditation,wisdom,mentalhealth,selfcare,innerpeace,buddhaquotes",When Losing a Loved One — Choose Like Buddha
When Needing to Say No,https://chooselikebuddha.com/assets/blogposts/when-needing-to-say-no.png,What Would Buddha Do,,"Saying no isn't selfish — it's honest. A mindful no protects your energy and honors your truth.

#mindfulness #buddhism #meditation #wisdom #mentalhealth #selfcare #innerpeace #buddhaquotes",https://chooselikebuddha.com/blog/when-needing-to-say-no/,,"mindfulness,buddhism,meditation,wisdom,mentalhealth,selfcare,innerpeace,buddhaquotes",When Needing to Say No — Choose Like Buddha
When Life Feels Meaningless,https://chooselikebuddha.com/assets/blogposts/when-life-feels-meaningless.png,What Would Buddha Do,,"Meaninglessness isn't a dead end — it's an invitation to stop looking outside and start creating from within.

#mindfulness #buddhism #meditation #wisdom #mentalhealth #selfcare #innerpeace #buddhaquotes",https://chooselikebuddha.com/blog/when-life-feels-meaningless/,,"mindfulness,buddhism,meditation,wisdom,mentalhealth,selfcare,innerpeace,buddhaquotes",When Life Feels Meaningless — Choose Like Buddha
When the Body Feels Tired,https://chooselikebuddha.com/assets/blogposts/when-the-body-feels-tired.png,What Would Buddha Do,,"Tiredness is your body asking for something your mind keeps refusing to give — rest without guilt.

#mindfulness #buddhism #meditation #wisdom #mentalhealth #selfcare #innerpeace #buddhaquotes",https://chooselikebuddha.com/blog/when-the-body-feels-tired/,,"mindfulness,buddhism,meditation,wisdom,mentalhealth,selfcare,innerpeace,buddhaquotes",When the Body Feels Tired — Choose Like Buddha
When Parents Don't Understand,https://chooselikebuddha.com/assets/blogposts/when-parents-dont-understand.png,What Would Buddha Do,,"The gap between generations is real — but understanding doesn't require agreement. It begins with compassion.

#mindfulness #buddhism #meditation #wisdom #mentalhealth #selfcare #innerpeace #buddhaquotes",https://chooselikebuddha.com/blog/when-parents-dont-understand/,,"mindfulness,buddhism,meditation,wisdom,mentalhealth,selfcare,innerpeace,buddhaquotes",When Parents Don't Understand — Choose Like Buddha
When Feeling Hopeless,https://chooselikebuddha.com/assets/blogposts/when-feeling-hopeless.png,What Would Buddha Do,,"Hopelessness tells you nothing will change — but that's a feeling, not a prophecy. Stay with it. It passes.

#mindfulness #buddhism #meditation #wisdom #mentalhealth #selfcare #innerpeace #buddhaquotes",https://chooselikebuddha.com/blog/when-feeling-hopeless/,,"mindfulness,buddhism,meditation,wisdom,mentalhealth,selfcare,innerpeace,buddhaquotes",When Feeling Hopeless — Choose Like Buddha
When Stuck in the Past,https://chooselikebuddha.com/assets/blogposts/when-stuck-in-the-past.png,What Would Buddha Do,,"The past is a place to learn from, not to live in. Letting go isn't forgetting — it's choosing the present.

#mindfulness #buddhism #meditation #wisdom #mentalhealth #selfcare #innerpeace #buddhaquotes",https://chooselikebuddha.com/blog/when-stuck-in-the-past/,,"mindfulness,buddhism,meditation,wisdom,mentalhealth,selfcare,innerpeace,buddhaquotes",When Stuck in the Past — Choose Like Buddha
When Feeling Anxious,https://chooselikebuddha.com/assets/blogposts/when-feeling-anxious.png,What Would Buddha Do,,"Anxiety rushes you into the future — but your body is always in the present. Return to it.

#mindfulness #buddhism #meditation #wisdom #mentalhealth #selfcare #innerpeace #buddhaquotes",https://chooselikebuddha.com/blog/when-feeling-anxious/,,"mindfulness,buddhism,meditation,wisdom,mentalhealth,selfcare,innerpeace,buddhaquotes",When Feeling Anxious — Choose Like Buddha
When Feeling Guilty,https://chooselikebuddha.com/assets/blogposts/when-feeling-guilty.png,What Would Buddha Do,,"Guilt replays the past on a loop — but wisdom asks what you can do now, not what you should have done then.

#mindfulness #buddhism #meditation #wisdom #mentalhealth #selfcare #innerpeace #buddhaquotes",https://chooselikebuddha.com/blog/when-feeling-guilty/,,"mindfulness,buddhism,meditation,wisdom,mentalhealth,selfcare,innerpeace,buddhaquotes",When Feeling Guilty — Choose Like Buddha
When Someone Takes Credit,https://chooselikebuddha.com/assets/blogposts/when-someone-takes-credit.png,What Would Buddha Do,,"When your effort goes unrecognized, the ego burns — but your work still speaks, even in silence.

#mindfulness #buddhism #meditation #wisdom #mentalhealth #selfcare #innerpeace #buddhaquotes",https://chooselikebuddha.com/blog/when-someone-takes-credit/,,"mindfulness,buddhism,meditation,wisdom,mentalhealth,selfcare,innerpeace,buddhaquotes",When Someone Takes Credit — Choose Like Buddha
When Forgiving Feels Impossible,https://chooselikebuddha.com/assets/blogposts/when-forgiving-feels-impossible.png,What Would Buddha Do,,"Forgiveness isn't saying it was okay — it's deciding the pain no longer gets to control you.

#mindfulness #buddhism #meditation #wisdom #mentalhealth #selfcare #innerpeace #buddhaquotes",https://chooselikebuddha.com/blog/when-forgiving-feels-impossible/,,"mindfulness,buddhism,meditation,wisdom,mentalhealth,selfcare,innerpeace,buddhaquotes",When Forgiving Feels Impossible — Choose Like Buddha
When Overworked and Exhausted,https://chooselikebuddha.com/assets/blogposts/when-overworked-and-exhausted.png,What Would Buddha Do,,"Exhaustion isn't a badge of honor — it's your body asking you to stop before it stops for you.

#mindfulness #buddhism #meditation #wisdom #mentalhealth #selfcare #innerpeace #buddhaquotes",https://chooselikebuddha.com/blog/when-overworked-and-exhausted/,,"mindfulness,buddhism,meditation,wisdom,mentalhealth,selfcare,innerpeace,buddhaquotes",When Overworked and Exhausted — Choose Like Buddha
When Feeling Like a Fraud,https://chooselikebuddha.com/assets/blogposts/when-feeling-like-a-fraud.png,What Would Buddha Do,,"Impostor syndrome thrives in silence — name it, and it loses its grip.

#mindfulness #buddhism #meditation #wisdom #mentalhealth #selfcare #innerpeace #buddhaquotes",https://chooselikebuddha.com/blog/when-feeling-like-a-fraud/,,"mindfulness,buddhism,meditation,wisdom,mentalhealth,selfcare,innerpeace,buddhaquotes",When Feeling Like a Fraud — Choose Like Buddha
When Plans Get Canceled,https://chooselikebuddha.com/assets/blogposts/when-plans-get-canceled.png,What Would Buddha Do,,"A canceled plan is not a ruined day — it's an unplanned opening. What will you do with it?

#mindfulness #buddhism #meditation #wisdom #mentalhealth #selfcare #innerpeace #buddhaquotes",https://chooselikebuddha.com/blog/when-plans-get-canceled/,,"mindfulness,buddhism,meditation,wisdom,mentalhealth,selfcare,innerpeace,buddhaquotes",When Plans Get Canceled — Choose Like Buddha
When Seeing Others Succeed Online,https://chooselikebuddha.com/assets/blogposts/when-seeing-others-succeed-online.png,What Would Buddha Do,,"You're comparing your full story to someone else's highlight reel — and wondering why you feel behind.

#mindfulness #buddhism #meditation #wisdom #mentalhealth #selfcare #innerpeace #buddhaquotes",https://chooselikebuddha.com/blog/when-seeing-others-succeed-online/,,"mindfulness,buddhism,meditation,wisdom,mentalhealth,selfcare,innerpeace,buddhaquotes",When Seeing Others Succeed Online — Choose Like Buddha
When Afraid of Starting Over,https://chooselikebuddha.com/assets/blogposts/when-afraid-of-starting-over.png,What Would Buddha Do,,"Starting over doesn't erase what you've built — it means you're brave enough to build again.

#mindfulness #buddhism #meditation #wisdom #mentalhealth #selfcare #innerpeace #buddhaquotes",https://chooselikebuddha.com/blog/when-afraid-of-starting-over/,,"mindfulness,buddhism,meditation,wisdom,mentalhealth,selfcare,innerpeace,buddhaquotes",When Afraid of Starting Over — Choose Like Buddha
When Grieving a Pet,https://chooselikebuddha.com/assets/blogposts/when-grieving-a-pet.png,What Would Buddha Do,,"The love you shared was real. The grief is proof of that — not something to minimize.

#mindfulness #buddhism #meditation #wisdom #mentalhealth #selfcare #innerpeace #buddhaquotes",https://chooselikebuddha.com/blog/when-grieving-a-pet/,,"mindfulness,buddhism,meditation,wisdom,mentalhealth,selfcare,innerpeace,buddhaquotes",When Grieving a Pet — Choose Like Buddha
When an Argument Gets Heated,https://chooselikebuddha.com/assets/blogposts/when-an-argument-gets-heated.png,What Would Buddha Do,,"In the heat of an argument, the goal shifts from understanding to winning — and everyone loses.

#mindfulness #buddhism #meditation #wisdom #mentalhealth #selfcare #innerpeace #buddhaquotes",https://chooselikebuddha.com/blog/when-an-argument-gets-heated/,,"mindfulness,buddhism,meditation,wisdom,mentalhealth,selfcare,innerpeace,buddhaquotes",When an Argument Gets Heated — Choose Like Buddha
When Searching for Purpose,https://chooselikebuddha.com/assets/blogposts/when-searching-for-purpose.png,What Would Buddha Do,,"Purpose isn't hiding somewhere waiting to be found — it's built, one meaningful action at a time.

#mindfulness #buddhism #meditation #wisdom #mentalhealth #selfcare #innerpeace #buddhaquotes",https://chooselikebuddha.com/blog/when-searching-for-purpose/,,"mindfulness,buddhism,meditation,wisdom,mentalhealth,selfcare,innerpeace,buddhaquotes",When Searching for Purpose — Choose Like Buddha
When Dealing With Chronic Pain,https://chooselikebuddha.com/assets/blogposts/when-dealing-with-chronic-pain.png,What Would Buddha Do,,"Pain demands attention — but it doesn't have to define the whole of who you are.

#mindfulness #buddhism #meditation #wisdom #mentalhealth #selfcare #innerpeace #buddhaquotes",https://chooselikebuddha.com/blog/when-dealing-with-chronic-pain/,,"mindfulness,buddhism,meditation,wisdom,mentalhealth,selfcare,innerpeace,buddhaquotes",When Dealing With Chronic Pain — Choose Like Buddha
When Family Expectations Feel Heavy,https://chooselikebuddha.com/assets/blogposts/when-family-expectations-feel-heavy.png,What Would Buddha Do,,"Their expectations come from love — but your life belongs to you, not to their vision of it.

#mindfulness #buddhism #meditation #wisdom #mentalhealth #selfcare #innerpeace #buddhaquotes",https://chooselikebuddha.com/blog/when-family-expectations-feel-heavy/,,"mindfulness,buddhism,meditation,wisdom,mentalhealth,selfcare,innerpeace,buddhaquotes",When Family Expectations Feel Heavy — Choose Like Buddha
When Feeling FOMO,https://chooselikebuddha.com/assets/blogposts/when-feeling-fomo.png,What Would Buddha Do,,"The fear of missing out is really the fear of not being enough — right where you are.

#mindfulness #buddhism #meditation #wisdom #mentalhealth #selfcare #innerpeace #buddhaquotes",https://chooselikebuddha.com/blog/when-feeling-fomo/,,"mindfulness,buddhism,meditation,wisdom,mentalhealth,selfcare,innerpeace,buddhaquotes",When Feeling FOMO — Choose Like Buddha
When Wanting More Than Needed,https://chooselikebuddha.com/assets/blogposts/when-wanting-more-than-needed.png,What Would Buddha Do,,"Desire promises fulfillment but delivers a bigger appetite. Enough is not a number — it's a feeling.

#mindfulness #buddhism #meditation #wisdom #mentalhealth #selfcare #innerpeace #buddhaquotes",https://chooselikebuddha.com/blog/when-wanting-more-than-needed/,,"mindfulness,buddhism,meditation,wisdom,mentalhealth,selfcare,innerpeace,buddhaquotes",When Wanting More Than Needed — Choose Like Buddha
When a Dream Falls Apart,https://chooselikebuddha.com/assets/blogposts/when-a-dream-falls-apart.png,What Would Buddha Do,,"A broken dream is not a broken life — it's an invitation to discover what's truly meant for you.

#mindfulness #buddhism #meditation #wisdom #mentalhealth #selfcare #innerpeace #buddhaquotes",https://chooselikebuddha.com/blog/when-a-dream-falls-apart/,,"mindfulness,buddhism,meditation,wisdom,mentalhealth,selfcare,innerpeace,buddhaquotes",When a Dream Falls Apart — Choose Like Buddha
When Losing Confidence,https://chooselikebuddha.com/assets/blogposts/when-losing-confidence.png,What Would Buddha Do,,"Confidence doesn't vanish — it hides behind doubt. You've done hard things before. Remember.

#mindfulness #buddhism #meditation #wisdom #mentalhealth #selfcare #innerpeace #buddhaquotes",https://chooselikebuddha.com/blog/when-losing-confidence/,,"mindfulness,buddhism,meditation,wisdom,mentalhealth,selfcare,innerpeace,buddhaquotes",When Losing Confidence — Choose Like Buddha
When the Day Starts Badly,https://chooselikebuddha.com/assets/blogposts/when-the-day-starts-badly.png,What Would Buddha Do,,"A bad morning is not a prophecy. The day can still turn — if you let the first hour go.

#mindfulness #buddhism #meditation #wisdom #mentalhealth #selfcare #innerpeace #buddhaquotes",https://chooselikebuddha.com/blog/when-the-day-starts-badly/,,"mindfulness,buddhism,meditation,wisdom,mentalhealth,selfcare,innerpeace,buddhaquotes",When the Day Starts Badly — Choose Like Buddha
When Feeling Misunderstood,https://chooselikebuddha.com/assets/blogposts/when-feeling-misunderstood.png,What Would Buddha Do,,"Being misunderstood doesn't mean you're wrong — it means connection requires more patience.

#mindfulness #buddhism #meditation #wisdom #mentalhealth #selfcare #innerpeace #buddhaquotes",https://chooselikebuddha.com/blog/when-feeling-misunderstood/,,"mindfulness,buddhism,meditation,wisdom,mentalhealth,selfcare,innerpeace,buddhaquotes",When Feeling Misunderstood — Choose Like Buddha
When Passion Fades,https://chooselikebuddha.com/assets/blogposts/when-passion-fades.png,What Would Buddha Do,,"Passion fades when novelty does — but depth, discipline, and quiet love carry you further.

#mindfulness #buddhism #meditation #wisdom #mentalhealth #selfcare #innerpeace #buddhaquotes",https://chooselikebuddha.com/blog/when-passion-fades/,,"mindfulness,buddhism,meditation,wisdom,mentalhealth,selfcare,innerpeace,buddhaquotes",When Passion Fades — Choose Like Buddha
When Replaying a Conversation,https://chooselikebuddha.com/assets/blogposts/when-replaying-a-conversation.png,What Would Buddha Do,,"Replaying conversations doesn't fix them — it only rehearses pain. Awareness is the way out.

#mindfulness #buddhism #meditation #wisdom #mentalhealth #selfcare #innerpeace #buddhaquotes",https://chooselikebuddha.com/blog/when-replaying-a-conversation/,,"mindfulness,buddhism,meditation,wisdom,mentalhealth,selfcare,innerpeace,buddhaquotes",When Replaying a Conversation — Choose Like Buddha
When Imagining the Worst,https://chooselikebuddha.com/assets/blogposts/when-imagining-the-worst.png,What Would Buddha Do,,"The worst-case scenario is rarely real — but the suffering it creates is. Choose what to feed.

#mindfulness #buddhism #meditation #wisdom #mentalhealth #selfcare #innerpeace #buddhaquotes",https://chooselikebuddha.com/blog/when-imagining-the-worst/,,"mindfulness,buddhism,meditation,wisdom,mentalhealth,selfcare,innerpeace,buddhaquotes",When Imagining the Worst — Choose Like Buddha
When Ruminating at Night,https://chooselikebuddha.com/assets/blogposts/when-ruminating-at-night.png,What Would Buddha Do,,"Night magnifies thought. What the mind insists is urgent at 3 a.m. is rarely true at sunrise.

#mindfulness #buddhism #meditation #wisdom #mentalhealth #selfcare #innerpeace #buddhaquotes",https://chooselikebuddha.com/blog/when-ruminating-at-night/,,"mindfulness,buddhism,meditation,wisdom,mentalhealth,selfcare,innerpeace,buddhaquotes",When Ruminating at Night — Choose Like Buddha
When Feeling Ashamed,https://chooselikebuddha.com/assets/blogposts/when-feeling-ashamed.png,What Would Buddha Do,,"Shame says you are bad. Truth says you are human. Compassion is the bridge between them.

#mindfulness #buddhism #meditation #wisdom #mentalhealth #selfcare #innerpeace #buddhaquotes",https://chooselikebuddha.com/blog/when-feeling-ashamed/,,"mindfulness,buddhism,meditation,wisdom,mentalhealth,selfcare,innerpeace,buddhaquotes",When Feeling Ashamed — Choose Like Buddha
When Feeling Empty Inside,https://chooselikebuddha.com/assets/blogposts/when-feeling-empty-inside.png,What Would Buddha Do,,"Emptiness is not the absence of meaning — it's the space where new meaning can grow.

#mindfulness #buddhism #meditation #wisdom #mentalhealth #selfcare #innerpeace #buddhaquotes",https://chooselikebuddha.com/blog/when-feeling-empty-inside/,,"mindfulness,buddhism,meditation,wisdom,mentalhealth,selfcare,innerpeace,buddhaquotes",When Feeling Empty Inside — Choose Like Buddha
When Feeling Numb,https://chooselikebuddha.com/assets/blogposts/when-feeling-numb.png,What Would Buddha Do,,"Numbness is not the absence of feeling — it's the body protecting you from too much of it.

#mindfulness #buddhism #meditation #wisdom #mentalhealth #selfcare #innerpeace #buddhaquotes",https://chooselikebuddha.com/blog/when-feeling-numb/,,"mindfulness,buddhism,meditation,wisdom,mentalhealth,selfcare,innerpeace,buddhaquotes",When Feeling Numb — Choose Like Buddha
When Feeling Resentful,https://chooselikebuddha.com/assets/blogposts/when-feeling-resentful.png,What Would Buddha Do,,"Resentment is the wound that won't close. It hurts you long after the other person has forgotten.

#mindfulness #buddhism #meditation #wisdom #mentalhealth #selfcare #innerpeace #buddhaquotes",https://chooselikebuddha.com/blog/when-feeling-resentful/,,"mindfulness,buddhism,meditation,wisdom,mentalhealth,selfcare,innerpeace,buddhaquotes",When Feeling Resentful — Choose Like Buddha
When Feeling Ignored,https://chooselikebuddha.com/assets/blogposts/when-feeling-ignored.png,What Would Buddha Do,,"Being ignored is not always rejection — sometimes it's simply other people being lost in their own lives.

#mindfulness #buddhism #meditation #wisdom #mentalhealth #selfcare #innerpeace #buddhaquotes",https://chooselikebuddha.com/blog/when-feeling-ignored/,,"mindfulness,buddhism,meditation,wisdom,mentalhealth,selfcare,innerpeace,buddhaquotes",When Feeling Ignored — Choose Like Buddha
When a Friend Drifts Away,https://chooselikebuddha.com/assets/blogposts/when-a-friend-drifts-away.png,What Would Buddha Do,,"Not all endings are betrayals. Some friendships are meant for a season, not a lifetime.

#mindfulness #buddhism #meditation #wisdom #mentalhealth #selfcare #innerpeace #buddhaquotes",https://chooselikebuddha.com/blog/when-a-friend-drifts-away/,,"mindfulness,buddhism,meditation,wisdom,mentalhealth,selfcare,innerpeace,buddhaquotes",When a Friend Drifts Away — Choose Like Buddha
When Boundaries Are Crossed,https://chooselikebuddha.com/assets/blogposts/when-boundaries-are-crossed.png,What Would Buddha Do,,"A boundary protects, not punishes. Holding it is an act of love — for yourself and for them.

#mindfulness #buddhism #meditation #wisdom #mentalhealth #selfcare #innerpeace #buddhaquotes",https://chooselikebuddha.com/blog/when-boundaries-are-crossed/,,"mindfulness,buddhism,meditation,wisdom,mentalhealth,selfcare,innerpeace,buddhaquotes",When Boundaries Are Crossed — Choose Like Buddha
When Missing Someone Deeply,https://chooselikebuddha.com/assets/blogposts/when-missing-someone-deeply.png,What Would Buddha Do,,"Missing someone is love continuing in their absence. Don't try to make it smaller than it is.

#mindfulness #buddhism #meditation #wisdom #mentalhealth #selfcare #innerpeace #buddhaquotes",https://chooselikebuddha.com/blog/when-missing-someone-deeply/,,"mindfulness,buddhism,meditation,wisdom,mentalhealth,selfcare,innerpeace,buddhaquotes",When Missing Someone Deeply — Choose Like Buddha
When Caring for Aging Parents,https://chooselikebuddha.com/assets/blogposts/when-caring-for-aging-parents.png,What Would Buddha Do,,"Caring for those who once cared for you reveals love's true weight — and your own quiet strength.

#mindfulness #buddhism #meditation #wisdom #mentalhealth #selfcare #innerpeace #buddhaquotes",https://chooselikebuddha.com/blog/when-caring-for-aging-parents/,,"mindfulness,buddhism,meditation,wisdom,mentalhealth,selfcare,innerpeace,buddhaquotes",When Caring for Aging Parents — Choose Like Buddha
When a Child Is Struggling,https://chooselikebuddha.com/assets/blogposts/when-a-child-is-struggling.png,What Would Buddha Do,,"You cannot carry their pain for them — but you can be the calm shore they swim back to.

#mindfulness #buddhism #meditation #wisdom #mentalhealth #selfcare #innerpeace #buddhaquotes",https://chooselikebuddha.com/blog/when-a-child-is-struggling/,,"mindfulness,buddhism,meditation,wisdom,mentalhealth,selfcare,innerpeace,buddhaquotes",When a Child Is Struggling — Choose Like Buddha
When a Family Member Is Toxic,https://chooselikebuddha.com/assets/blogposts/when-a-family-member-is-toxic.png,What Would Buddha Do,,"Family does not require unlimited access. Distance, when needed, is a form of love — for yourself.

#mindfulness #buddhism #meditation #wisdom #mentalhealth #selfcare #innerpeace #buddhaquotes",https://chooselikebuddha.com/blog/when-a-family-member-is-toxic/,,"mindfulness,buddhism,meditation,wisdom,mentalhealth,selfcare,innerpeace,buddhaquotes",When a Family Member Is Toxic — Choose Like Buddha
When Passed Over for a Promotion,https://chooselikebuddha.com/assets/blogposts/when-passed-over-for-a-promotion.png,What Would Buddha Do,,"A title denied is not a worth diminished. Your value is not stamped on a job description.

#mindfulness #buddhism #meditation #wisdom #mentalhealth #selfcare #innerpeace #buddhaquotes",https://chooselikebuddha.com/blog/when-passed-over-for-a-promotion/,,"mindfulness,buddhism,meditation,wisdom,mentalhealth,selfcare,innerpeace,buddhaquotes",When Passed Over for a Promotion — Choose Like Buddha
When Hating the Job,https://chooselikebuddha.com/assets/blogposts/when-hating-the-job.png,What Would Buddha Do,,"You spend most of your waking life at work. The misery is real — and so is your capacity to change it.

#mindfulness #buddhism #meditation #wisdom #mentalhealth #selfcare #innerpeace #buddhaquotes",https://chooselikebuddha.com/blog/when-hating-the-job/,,"mindfulness,buddhism,meditation,wisdom,mentalhealth,selfcare,innerpeace,buddhaquotes",When Hating the Job — Choose Like Buddha
When Receiving Harsh Feedback,https://chooselikebuddha.com/assets/blogposts/when-receiving-harsh-feedback.png,What Would Buddha Do,,"Harsh words can carry real truth. Your task is to find the truth without absorbing the harshness.

#mindfulness #buddhism #meditation #wisdom #mentalhealth #selfcare #innerpeace #buddhaquotes",https://chooselikebuddha.com/blog/when-receiving-harsh-feedback/,,"mindfulness,buddhism,meditation,wisdom,mentalhealth,selfcare,innerpeace,buddhaquotes",When Receiving Harsh Feedback — Choose Like Buddha
When Considering Quitting,https://chooselikebuddha.com/assets/blogposts/when-considering-quitting.png,What Would Buddha Do,,"Quitting is not always failure. Sometimes it's the courage to stop carrying what was never yours.

#mindfulness #buddhism #meditation #wisdom #mentalhealth #selfcare #innerpeace #buddhaquotes",https://chooselikebuddha.com/blog/when-considering-quitting/,,"mindfulness,buddhism,meditation,wisdom,mentalhealth,selfcare,innerpeace,buddhaquotes",When Considering Quitting — Choose Like Buddha
When Seeking Approval,https://chooselikebuddha.com/assets/blogposts/when-seeking-approval.png,What Would Buddha Do,,"Living for approval makes you a stranger to yourself. Your worth was never theirs to grant.

#mindfulness #buddhism #meditation #wisdom #mentalhealth #selfcare #innerpeace #buddhaquotes",https://chooselikebuddha.com/blog/when-seeking-approval/,,"mindfulness,buddhism,meditation,wisdom,mentalhealth,selfcare,innerpeace,buddhaquotes",When Seeking Approval — Choose Like Buddha
When Afraid of Rejection,https://chooselikebuddha.com/assets/blogposts/when-afraid-of-rejection.png,What Would Buddha Do,,"The fear of rejection often costs more than the rejection itself. Risk being seen anyway.

#mindfulness #buddhism #meditation #wisdom #mentalhealth #selfcare #innerpeace #buddhaquotes",https://chooselikebuddha.com/blog/when-afraid-of-rejection/,,"mindfulness,buddhism,meditation,wisdom,mentalhealth,selfcare,innerpeace,buddhaquotes",When Afraid of Rejection — Choose Like Buddha
When Stuck in Traffic,https://chooselikebuddha.com/assets/blogposts/when-stuck-in-traffic.png,What Would Buddha Do,,"The traffic isn't the problem. Your relationship to the wait is. The car is a small classroom.

#mindfulness #buddhism #meditation #wisdom #mentalhealth #selfcare #innerpeace #buddhaquotes",https://chooselikebuddha.com/blog/when-stuck-in-traffic/,,"mindfulness,buddhism,meditation,wisdom,mentalhealth,selfcare,innerpeace,buddhaquotes",When Stuck in Traffic — Choose Like Buddha
When Sleeping Poorly,https://chooselikebuddha.com/assets/blogposts/when-sleeping-poorly.png,What Would Buddha Do,,"Bad sleep magnifies everything. Don't add the suffering of fighting it to the suffering of having it.

#mindfulness #buddhism #meditation #wisdom #mentalhealth #selfcare #innerpeace #buddhaquotes",https://chooselikebuddha.com/blog/when-sleeping-poorly/,,"mindfulness,buddhism,meditation,wisdom,mentalhealth,selfcare,innerpeace,buddhaquotes",When Sleeping Poorly — Choose Like Buddha
When Comparing Lives on Social Media,https://chooselikebuddha.com/assets/blogposts/when-comparing-lives-on-social-media.png,What Would Buddha Do,,"You are comparing your behind-the-scenes to everyone else's highlight reel. The math will never work.

#mindfulness #buddhism #meditation #wisdom #mentalhealth #selfcare #innerpeace #buddhaquotes",https://chooselikebuddha.com/blog/when-comparing-lives-on-social-media/,,"mindfulness,buddhism,meditation,wisdom,mentalhealth,selfcare,innerpeace,buddhaquotes",When Comparing Lives on Social Media — Choose Like Buddha
When News Feels Overwhelming,https://chooselikebuddha.com/assets/blogposts/when-news-feels-overwhelming.png,What Would Buddha Do,,"Awareness without action becomes anxiety. Choose what you absorb, and what you do with it.

#mindfulness #buddhism #meditation #wisdom #mentalhealth #selfcare #innerpeace #buddhaquotes",https://chooselikebuddha.com/blog/when-news-feels-overwhelming/,,"mindfulness,buddhism,meditation,wisdom,mentalhealth,selfcare,innerpeace,buddhaquotes",When News Feels Overwhelming — Choose Like Buddha
When Envious of Someone's Wealth,https://chooselikebuddha.com/assets/blogposts/when-envious-of-someones-wealth.png,What Would Buddha Do,,"Envy points to longing. Listen to what it's actually asking for — it's rarely just the money.

#mindfulness #buddhism #meditation #wisdom #mentalhealth #selfcare #innerpeace #buddhaquotes",https://chooselikebuddha.com/blog/when-envious-of-someones-wealth/,,"mindfulness,buddhism,meditation,wisdom,mentalhealth,selfcare,innerpeace,buddhaquotes",When Envious of Someone's Wealth — Choose Like Buddha
When Spending Impulsively,https://chooselikebuddha.com/assets/blogposts/when-spending-impulsively.png,What Would Buddha Do,,"Impulsive spending is rarely about the thing. It's about the feeling you're trying to soothe.

#mindfulness #buddhism #meditation #wisdom #mentalhealth #selfcare #innerpeace #buddhaquotes",https://chooselikebuddha.com/blog/when-spending-impulsively/,,"mindfulness,buddhism,meditation,wisdom,mentalhealth,selfcare,innerpeace,buddhaquotes",When Spending Impulsively — Choose Like Buddha
When Moving to a New Place,https://chooselikebuddha.com/assets/blogposts/when-moving-to-a-new-place.png,What Would Buddha Do,,"A new place doesn't immediately feel like home. Belonging is built slowly, one small act at a time.

#mindfulness #buddhism #meditation #wisdom #mentalhealth #selfcare #innerpeace #buddhaquotes",https://chooselikebuddha.com/blog/when-moving-to-a-new-place/,,"mindfulness,buddhism,meditation,wisdom,mentalhealth,selfcare,innerpeace,buddhaquotes",When Moving to a New Place — Choose Like Buddha
When Letting Go of the Past,https://chooselikebuddha.com/assets/blogposts/when-letting-go-of-the-past.png,What Would Buddha Do,,"You cannot change what happened. You can change how much of today it is allowed to occupy.

#mindfulness #buddhism #meditation #wisdom #mentalhealth #selfcare #innerpeace #buddhaquotes",https://chooselikebuddha.com/blog/when-letting-go-of-the-past/,,"mindfulness,buddhism,meditation,wisdom,mentalhealth,selfcare,innerpeace,buddhaquotes",When Letting Go of the Past — Choose Like Buddha
When Mourning What Could Have Been,https://chooselikebuddha.com/assets/blogposts/when-mourning-what-could-have-been.png,What Would Buddha Do,,"Some grief is for things that never happened. The unlived life deserves to be mourned, then released.

#mindfulness #buddhism #meditation #wisdom #mentalhealth #selfcare #innerpeace #buddhaquotes",https://chooselikebuddha.com/blog/when-mourning-what-could-have-been/,,"mindfulness,buddhism,meditation,wisdom,mentalhealth,selfcare,innerpeace,buddhaquotes",When Mourning What Could Have Been — Choose Like Buddha
When Motivation Disappears,https://chooselikebuddha.com/assets/blogposts/when-motivation-disappears.png,What Would Buddha Do,,"Motivation is a feeling. Discipline is a practice. Don't wait for the feeling — build the practice.

#mindfulness #buddhism #meditation #wisdom #mentalhealth #selfcare #innerpeace #buddhaquotes",https://chooselikebuddha.com/blog/when-motivation-disappears/,,"mindfulness,buddhism,meditation,wisdom,mentalhealth,selfcare,innerpeace,buddhaquotes",When Motivation Disappears — Choose Like Buddha
